Date,Calories (kcal),Distance,Average heart rate (bpm),Max heart rate (bpm),Min heart rate (bpm),Low latitude (deg),Low longitude (deg),High latitude (deg),High longitude (deg),Average speed (m/s),Max speed (m/s),Min speed (m/s),Step count,Average weight (kg),Max weight (kg),Min weight (kg),Biking duration (ms),Inactive duration (ms),Walking duration (ms),Running duration (ms),Strength training duration (ms)
06/09/15,1007.687988,,,,,,,,,,,,,,,,,,,,
07/09/15,525.5620117,,,,,,,,,,,,,,,,,,,,
09/09/15,1007.687988,,,,,,,,,,,,,,,,,,,,
10/09/15,1533.25,,,,,,,,,,,,,,,,,,,,
11/09/15,1533.25,,,,,,,,,,,,,,,,,,,,
12/09/15,1533.25,,,,,,,,,,,,,,,,,,,,
13/09/15,1533.25,,,,,,,,,,,,,,,,,,,,
14/09/15,1533.25,,,,,,,,,,,,,,,,,,,,
15/09/15,1533.25,,,,,,,,,,,,,,,,,,,,
16/09/15,1533.25,,,,,,,,,,,,,,,,,,,,
17/09/15,1533.25,,,,,,,,,,,,,,,,,,,,
18/09/15,1533.25,,,,,,,,,,,,,,,,,,,,
19/09/15,1533.25,,,,,,,,,,,,,,,,,,,,
20/09/15,1564.493408,82.11375427,,,,19.06854057,72.82814789,19.0687294,72.82836151,,,,1419,73,73,73,,55000418,167303,,
21/09/15,1584.318604,390.2034912,,,,18.92527962,72.80786896,19.07113838,72.83203125,5.709243298,10.12422848,1.25,3465,,,,,71138524,861052,,
22/09/15,1565.261719,327.0020752,,,,19.06851578,72.82813263,19.06916428,72.82836914,,,,2353,,,,,79676873,539741,,
23/09/15,1629.296631,1500.294922,,,,19.04597473,72.82120514,19.07136154,72.82849121,4.839734077,8.5,1.346291184,6324,,,,,70991499,1619412,,
24/09/15,1662.766602,1025.307007,,,,18.91470337,72.80776978,19.06872177,72.82926178,5.821884632,11.76063347,0.5,3107,,,,,69174306,2183737,,
25/09/15,1709.805176,1712.025879,,,,19.05080605,54.64055634,24.43232918,72.87599945,7.112457275,8.050621033,5.75,5688,,,,,55682302,2663724,138242,
26/09/15,1943.96167,4954.188965,,,,37.61389923,-122.4360809,37.80348587,-122.3889084,2.995187521,24.7701931,0.559017003,10874,,,,,31653666,6924880,,
27/09/15,2153.686035,9184.579102,63.4665184,84,47,37.7637558,-122.5134735,37.79231644,-122.4128113,2.395236969,7.25,0.5,16322,,,,,66269029,10457575,,
28/09/15,2359.418213,8414.40332,79.9571991,94,48,37.76371384,-122.487999,37.86013031,-122.3908081,2.236807346,9.5,0.559017003,17703,,,,,61132712,12922658,443784,
29/09/15,2055.276367,5477.239258,,,,37.7636795,-122.4522018,37.79341888,-122.4042435,1.60400176,10.75,0.5,11625,,,,,70313847,8801723,,
30/09/15,2211.376709,8106.964355,54,54,54,37.76353836,-122.4405441,37.80937958,-122.3934402,2.969446898,15.75,0.5,15826,,,,,70433717,10727130,311940,
01/10/15,2651.162354,13674.9209,80.54069519,97,48,37.76101303,-122.4359741,37.80894089,-122.3935318,1.550239205,7.905694008,0.5,25142,,,,632198,60607093,17586799,87035,
02/10/15,2373.602295,9720.669922,71,71,71,37.76076889,-122.4362869,37.87269211,-122.257637,5.2152071,21.25,0.5,17734,,,,1294984,65505245,11772962,95128,
03/10/15,1797.346436,2041.639893,,,,37.02053452,-122.4360123,37.76618958,-121.5611954,3.952589035,36.5034256,0.5,9918,,,,,47806933,4452845,,
04/10/15,2208.557129,5290.438477,,,,37.18387604,-122.5107803,37.82805634,-121.8436584,6.76250267,39.75,0.5,10614,,,,1689382,48472406,8127887,182406,
05/10/15,2204.310547,9578.716797,93,125,61,37.31827545,-122.4705658,37.8070755,-121.9500122,2.567375422,34.67708206,0.5,17524,,,,,56227124,11051923,96596,
06/10/15,2208.94165,9955.178711,,,,37.76409531,-122.4411316,37.80835342,-122.3934708,2.253898382,11,0.5,17790,,,,,66840513,10869283,189435,
07/10/15,2393.368164,10168.90527,48,48,48,37.76221848,-122.510788,37.79354477,-122.3963394,2.93283987,18,0.5,19528,,,,,59506226,14135137,157795,
08/10/15,2236.116211,5884.749512,,,,37.69098663,-122.4360123,37.80964279,-121.8444824,2.350550413,17.00735092,0.5,12489,,,,1979389,62580294,7602570,404121,
09/10/15,2826.739014,15879.16895,,,,37.76076508,-122.4363251,44.92247009,-93.25495911,1.569805264,11.75,0.5,26637,,,,1836481,56428734,18304380,178763,
10/10/15,2232.435547,8309.483398,56,56,56,37.7603302,-122.4499512,37.80817032,-122.3887558,2.541799068,9.823441505,0.5,18296,,,,,59830568,11270123,228974,
11/10/15,2098.60083,8289.31543,,,,37.76023483,-122.4359436,37.80834579,-122.3895416,1.168857932,2.5,0.5,15230,,,,,73437426,9511247,,
12/10/15,1632.869385,1092.298828,,,,37.61696243,-122.4360275,37.7654686,-122.3818741,15.5,30.5,0.5,2482,,,,,78152656,1112860,250238,
13/10/15,1718.454956,2309.739258,,,,19.04753685,54.64465332,24.42801285,72.87458038,4.4273386,10.26218796,1,5827,,,,,73547695,3122684,,
14/10/15,1584.98645,293.1370239,,,,19.0684967,72.828125,19.06904411,72.8285675,3.25,3.25,3.25,2474,,,,,84989875,872315,,
15/10/15,1813.246582,287.9741211,,,,19.0684967,72.82817841,19.06873894,72.82836151,,,,4434,,,,2210167,77907494,999468,,
16/10/15,1604.886597,371.2666626,,,,19.05609512,72.82701111,19.07007599,72.83612061,2.42159009,4,0.5,3046,,,,,81643448,1207841,,
17/10/15,1786.097656,1811.436279,,,,18.99380684,72.81156921,19.07015228,72.8301239,7.047208309,16.9059906,0.5,7841,,,,,76933553,4263184,,
18/10/15,1569.042725,260.266449,,,,19.06853294,72.82814789,19.0700779,72.82956696,,,,2063,,,,,85763553,603489,,
19/10/15,1801.246094,3203.040039,,,,19.05563927,72.82699585,19.06873512,72.83612823,,,,9030,,,,,76743605,4518594,,
20/10/15,1567.726318,346.3627014,,,,19.06547737,72.82805634,19.06898308,72.83400726,,,,3027,,,,,81080282,581291,,
21/10/15,1711.108887,1949.984741,,,,19.04055214,72.81974792,19.11431122,72.86351013,5.621274948,16.75746155,0.5,7885,,,,,69353292,2996190,,
22/10/15,1610.218018,629.2022095,,,,19.06851387,72.82817841,19.06898499,72.82842255,2.915475845,2.915475845,2.915475845,4146,,,,,79636207,1289379,,
23/10/15,1790.674927,2780.300293,,,,19.05638123,72.82333374,19.06869698,72.83612823,2.359640121,4.031128883,0.5,6343,,,,,77336647,3238686,486386,
24/10/15,1641.626831,1085.977539,,,,19.06807709,72.82496643,19.07366943,72.82841492,,,,4942,,,,,82782009,1604713,98275,
25/10/15,1606.164429,374.1252136,,,,19.05108261,72.82348633,19.09414864,72.85610199,6.542604923,7.5,0.5,4409,,,,,75098306,1229391,,
26/10/15,1589.727417,425.4923706,,,,19.0461731,72.82098389,19.07023239,72.8299408,2.690480709,3.881043673,1.5,5248,,,,,75672411,937737,,
27/10/15,1544.154053,70.06539917,,,,19.0684967,72.82805634,19.06898499,72.82836914,,,,3720,,,,,81091515,183850,,
28/10/15,1565.245117,232.4203186,,,,19.04625702,72.82124329,19.0700779,72.83609772,2.62424159,2.75,0.75,5246,,,,,66962464,539462,,
29/10/15,1573.293823,181.2712402,,,,18.93138885,72.80781555,19.06914139,72.82939148,3.318000317,4.5,2.136000872,3875,,,,,76945109,675169,,
30/10/15,1858.824463,318.0116882,,,,18.95379257,72.80787659,19.06876183,72.83827972,8.5,8.5,8.5,4758,,,,2880017,68461669,640044,,
31/10/15,1631.686279,1289.445313,,,,18.9531765,72.81432343,19.096035,72.87056732,6.487698555,13.75,0.5,8250,,,,,65933435,1659704,,
01/11/15,1744.854248,1353.195801,,,,19.04070091,72.82263184,19.0700779,72.86464691,1.453647137,19.25,0.559017003,5995,,,,,75733173,2490640,,
02/11/15,1619.540527,687.4417725,,,,18.99342918,72.82305908,19.06972504,72.8469696,1.150473714,19.41165924,0.5,3533,,,,,40848930,1454915,,
03/11/15,1679.925903,1433.131104,70,70,70,18.92511559,72.80892181,19.07083893,72.86664581,3.978297234,17.82729721,0.5,8398,,,,,31794182,2473056,,
04/11/15,1612.130127,616.5440674,,,,19.04858017,72.82041931,19.06961632,72.8301239,2.77569294,13.25,0.5,5846,,,,,75862380,1329974,,
05/11/15,1633.67749,1157.504272,,,,18.99903107,72.82517242,19.06869888,72.84088135,2.42228651,3.473110914,0.5,5238,,,,,72738733,1693280,,
06/11/15,1628.657471,664.7749634,,,,19.0472126,72.82206726,19.07620239,72.83836365,7.997505665,16.00781059,0.5,5575,,,,,73565445,1219112,171975,
07/11/15,1626.166748,871.3814697,,,,19.05490875,72.82466125,19.0700779,72.83411407,1.617001057,7.566372871,0.75,5135,,,,,78321028,1566638,,
08/11/15,1803.804443,2987.43457,,,,18.99342728,72.82383728,19.09601974,72.85340881,1.601599216,8.381526947,0.5,6570,,,,1025375,71601379,2569454,117332,
09/11/15,1571.381836,354.6577148,,,,19.06845665,72.82826996,19.06874084,72.82839966,,,,3778,,,,,84016967,642932,,
10/11/15,1837.559814,5916.77832,,,,19.06845665,72.82817078,19.069664,72.83016205,,,,13237,,,,,80620405,4281171,295088,
11/11/15,1940.786499,19224.26953,,,,18.92525673,72.80841064,19.06931114,72.82878113,5.514360428,22.5887146,0.5,4571,,,,3777855,64672691,510210,,
12/11/15,1576.594482,531.4056396,,,,18.93417549,72.8092804,19.070755,72.85503387,5.895841122,16,0.5,6827,,,,,71995897,730819,,
13/11/15,1630.404785,729.2666626,,,,19.04610252,72.82091522,19.06907463,72.83605957,1.664685249,2.304886103,0.75,5319,,,,,77835630,1638097,,
14/11/15,1632.497192,2026.893921,,,,18.91544724,72.80768585,19.06885147,72.83609772,5.128751755,9.5,0.5,4010,,,,568876,72660739,715507,,
15/11/15,1605.176758,397.3110657,,,,19.06840134,72.82826233,19.06867981,72.82839203,,,,5984,,,,,76374173,1212734,,
16/11/15,1568.093872,353.711792,,,,19.04595566,72.82111359,19.06888962,72.83381653,3.472018719,7.25,0.5,4037,,,,,80081292,587491,,
17/11/15,1812.805176,5032.942383,,,,19.05532646,72.82453918,19.06875801,72.83611298,1.614637852,2.015564442,1.346291184,12291,,,,,78556274,3900848,240920,
18/11/15,1710.915649,2478.457764,,,,19.04568672,72.82125854,19.069664,72.83607483,3.722066164,12.70088577,0.5,7441,,,,610009,78026174,1694698,120564,
19/11/15,1686.267334,3298.797852,,,,19.06845284,72.82826996,19.06888199,72.82854462,0.872029006,1,0.75,9202,72,72,72,,79962166,2809659,,600000
20/11/15,1736.488647,3140.510254,,,,18.97037697,72.81071472,19.07472038,72.86555481,1.006339669,24.5,0.5,9499,,,,,65060670,3642668,,
21/11/15,1633.594238,2471.233154,,,,19.05043793,72.82492065,19.07377625,72.86308289,1.772554278,2.795084953,0.75,3890,,,,506579,81788690,1036703,,
22/11/15,1687.21106,2834.505127,,,,19.06638718,72.82816315,19.06896782,72.8299408,0.505765438,1,0.5,8232,,,,,81004660,2694101,,
23/11/15,1691.400635,2113.958252,,,,19.04594612,72.82012939,19.07078552,72.83607483,3.536706686,7.75,0.5,4919,,,,554864,79191965,1945678,,
24/11/15,1588.284912,493.2565002,,,,19.05631447,72.82657623,19.07016373,72.83605194,1.198649883,12.5,0.5,4517,,,,,78077856,1114188,,
25/11/15,1544.59436,148.2536163,,,,19.04603767,72.82063293,19.06904602,72.82853699,,,,4259,,,,,81222223,365675,,
26/11/15,1659.914795,2513.714355,,,,19.05517006,72.82444,19.07400322,72.83604431,0.740380108,2.25,0.5,7270,,,,454184,78136735,1575929,,
27/11/15,1622.575562,777.902832,,,,19.04579163,72.81967163,19.06884193,72.82849121,3.890492201,11,0.5,5496,,,,,78079847,1701660,,
28/11/15,1564.962158,314.6756592,,,,19.0684185,72.82445526,19.07374573,72.8283844,0.780749619,5.031152725,0.559017003,5480,,,,,79479919,714621,,
29/11/15,1707.068359,3267.670654,,,,19.04987717,72.82395172,19.08640862,72.88909149,2.719695807,19.75,0.5,5867,,,,909057,73610202,1617186,,
30/11/15,1751.500977,5392.994141,,,,19.04595566,72.82112885,19.07310486,72.8360672,3.369513512,8.961724281,0.5,6175,,,,1044813,75742151,2149621,,
01/12/15,1560.278564,227.498764,,,,19.06834412,72.823349,19.07107735,72.83022308,2.750966787,3.363405943,2.136000872,5109,,,,,79727082,634380,,
02/12/15,1611.897461,914.8231201,,,,18.91585159,72.80849457,19.06963539,72.83041382,3.540765285,7.017834187,0.5,3420,,,,,72643340,1518722,,
03/12/15,1858.452881,6494.069336,,,,19.05608177,72.82733154,19.06870842,72.8360672,0.75,0.75,0.75,6596,,,,1203357,80125643,2867720,300739,60000
04/12/15,1585.915649,557.026062,,,,18.96417427,72.80671692,19.06910896,72.83705902,1.883934498,5,0.75,4371,,,,,73400416,1073593,,
05/12/15,1649.902832,1115.186768,,,,19.05579567,72.8249054,19.07367325,72.83490753,10.24592209,11.49184513,9,7761,,,,,71685521,2169834,,
06/12/15,1730.993408,4309.071289,69,69,69,19.06736755,72.82826233,19.06872177,72.82839203,,,,10880,,,,,77395458,3311706,,116259
07/12/15,1702.542603,2005.526733,,,,18.99669075,72.82073975,19.10127258,72.87595367,2.406881094,12.0208149,0.5,5382,,,,,66004850,3071671,,
08/12/15,1704.450439,3350.286865,,,,19.05569839,72.82440186,19.07276726,72.83750916,1.808845639,4.9773283,0.51009804,4366,,,,459840,79533862,2318786,,
09/12/15,2171.637695,10554.84375,,,,13.70350266,72.57104492,23.05231857,100.4934082,4.246076584,22.70056343,0.518941224,14174,,,,1487079,62535111,6130318,896096,
10/12/15,2020.234863,6064.983398,,,,13.70291805,100.4908752,13.70577717,100.4962311,0.699522257,2.420516491,0.530848324,14741,,,,,68313117,7917596,136002,284461
11/12/15,1855.737061,3419.376953,51,51,51,13.7017107,100.4884338,13.71186066,100.4970703,26.6921196,26.6921196,26.6921196,9745,,,,,70243153,5669567,,
12/12/15,2029.723633,5240.84668,,,,13.70249653,100.4909744,13.70752525,100.4991226,3.850236893,8.290005684,0.506063223,16664,,,,,58777339,8269353,169933,
13/12/15,1924.323364,6788.727051,,,,13.68630028,72.82422638,21.91999817,100.7536621,7.452843189,18.11000061,0.519999981,11306,,,,650956,56515149,5755327,,
14/12/15,1640.561768,1237.943359,,,,19.04572868,72.81983948,19.07269287,72.87203979,1.928158641,14.27999973,0.643272877,4766,,,,,73921933,1989439,,
15/12/15,1591.007202,661.5691528,,,,19.05485725,72.82650757,19.07333755,72.83602905,2.120517254,10.67326069,0.506359518,3140,,,,,78132312,1152470,,
16/12/15,1677.727783,3002.145996,,,,19.04582977,72.81698608,19.07016373,72.83601379,3.470691681,10.28895569,0.555697739,3671,,,,546244,75716266,1707298,,
17/12/15,1665.362183,1160.21936,,,,19.0271759,72.81786346,19.07129478,72.87993622,5.391626358,18.23567009,0.5,5219,,,,,61064953,2422763,,
18/12/15,1704.307251,4134.160156,,,,19.04593277,72.81996155,19.07111168,72.84447479,3.705458164,10.71046257,0.500399828,4078,,,,827381,75172542,1688915,,
19/12/15,1642.629395,1512.016846,,,,19.04411888,72.81623077,19.07263565,72.83599091,3.242765903,13.23533535,0.569999993,6186,,,,,71505448,2024638,,
20/12/15,1554.159546,364.4425964,,,,19.06194115,72.82332611,19.07323074,72.83085632,2.184952736,9.020022392,0.520096123,1522,,,,,80960285,527797,,
21/12/15,1773.689819,2952.246338,,,,19.04556465,72.81990814,19.072052,72.83822632,3.280246496,10.12490463,0.506359518,10639,,,,,71180745,3243043,456043,
22/12/15,1719.702271,3341.020996,,,,18.92523766,72.80815887,19.0714817,72.83166504,2.354318619,3.727801085,0.740270257,6610,,,,,70644703,2586118,244884,60000
23/12/15,1649.991333,1103.728149,,,,19.05112076,72.82185364,19.07271767,72.83594513,1.828320742,11.45003891,0.500899196,4657,,,,,73137779,2166802,,
24/12/15,1615.205933,880.6567383,,,,18.92247581,72.80713654,19.06917191,72.83156586,2.992177248,9.610046387,0.520096123,3669,,,,,72811690,1541880,,
25/12/15,1587.686768,617.4415894,,,,19.02691841,72.82322693,21.91999817,82.77999878,3.31826067,11.50173855,0.553172708,4240,,,,,75668095,1103933,,
26/12/15,1654.819946,1272.685547,,,,19.05603027,72.82648468,19.07290268,72.8367691,1.991972327,7.590659142,0.629999995,6190,,,,,75508386,2231703,,
27/12/15,1843.077515,5226.234375,,,,19.00149727,72.81459045,19.07111168,72.84451294,3.113015413,20.28098679,0.500099957,10462,,,,,73112832,5470449,,
28/12/15,1591.511841,645.0302734,,,,18.92745399,72.80036163,19.07621384,72.87386322,3.641777515,25.99581909,0.519999981,4607,,,,,70022966,1165808,,
29/12/15,1688.802734,1726.191406,,,,19.05252838,72.82427979,19.10235023,72.87670135,4.66411829,18.50027084,0.560000002,7060,,,,,70434220,2688842,60293,
30/12/15,1914.815674,5887.90625,,,,43.68082428,-97,54.00000381,-0.442941695,1.715203881,5.161094666,0.560357034,11940,,,,,34425616,6001181,280788,
31/12/15,1548.534424,240.0404816,,,,43.68827057,-79.38579559,43.69282532,-79.38168335,1.381872177,3.50999999,0.503587127,2135,,,,,80591738,418227,,
01/01/16,1828.585083,4452.133789,,,,19.05606461,-79.40389252,43.69552231,72.82988739,6.326512337,16.36044121,0.649999976,10803,,,,,69814060,4873487,135955,
02/01/16,1765.497803,3247.281006,,,,19.06838608,-80.59952545,43.76884842,72.82855225,5.5246315,35.58016968,0.550000012,9875,,,,,60829917,4138570,,
03/01/16,1761.869507,4193.144531,,,,43.4678688,-80.55574799,43.47235107,-80.54139709,2.412585258,4.240577698,0.522015333,9129,,,,,74865166,4076765,,
04/01/16,2006.565308,8004.32666,,,,43.46802902,-80.55390167,43.47198105,-80.53966522,1.545584679,3.18127346,0.500099957,14299,,,,,72839504,7128778,345979,60000
05/01/16,1905.430664,6840.276855,,,,43.46747589,-80.57263947,43.47608185,-80.54030609,1.106803536,4.440180302,0.51039201,11926,,,,,76364939,5863999,265276,
06/01/16,1885.598389,5380.355957,,,,43.46757889,-80.55523682,43.47354507,-80.54232788,5.055943012,6.488089085,3.049999952,10637,,,,,75950686,4555957,661511,
07/01/16,1920.382568,7401.385742,,,,43.46636581,-80.55482483,43.47229385,-80.54193878,2.370064259,11.3720932,0.810000002,15519,,,,,74782866,6312321,97563,60000
08/01/16,1736.826294,3681.531982,,,,43.46888351,-80.5548172,43.47250748,-80.54250336,,,,8188,,,,,77971281,3659024,,
09/01/16,1659.882568,1691.865967,,,,43.46783447,-80.55421448,43.47212982,-80.55174255,0.938613117,2.139369249,0.530848324,4708,,,,,80361533,2340817,,
10/01/16,1653.288208,1941.653564,,,,43.46860504,-80.55392456,43.47080994,-80.55258179,2.007682562,4.920000076,0.56008929,5924,,,,,77524117,2213070,,
11/01/16,1863.584839,5890.057617,,,,43.46822357,-80.55419159,43.47283554,-80.54160309,1.044659138,2.070217371,0.63071388,11197,,,,,74810888,5825750,,
12/01/16,1748.180664,3733.928711,,,,43.46762848,-80.55660248,43.47244263,-80.54259491,1.227127671,5.980000019,0.580775321,7859,,,,,78887646,3850113,,
13/01/16,1788.043945,4217.075684,,,,43.46719742,-80.55893707,43.47503662,-80.54231262,1.354126096,2.430226326,0.510881543,9115,,,,,77601180,3728167,349091,
14/01/16,1738.193481,3533.46582,,,,43.45099258,-80.59954071,43.47268295,-80.5426178,4.908549309,8.970273018,0.809506059,7729,,,,,78768603,3656483,,
15/01/16,1793.671265,5261.253906,,,,43.4693985,-80.55387115,43.47307587,-80.54264832,2.805372715,5.391891956,0.512445152,10538,,,,,76651779,4595582,,
16/01/16,1718.00293,2942.047852,,,,43.40865707,-80.5538559,43.56881714,-79.61386871,3.563212395,26.90001678,0.586941183,7472,,,,,68729623,3315832,,
17/01/16,1646.088867,1748.613403,,,,43.40513611,-80.5532608,43.60289001,-79.58126831,3.185085058,31.72019005,0.509901941,5078,,,,,70470891,2101983,,
18/01/16,1815.716919,5082.179688,,,,43.46820831,-80.55427551,43.47222519,-80.54175568,1.016840577,1.801776886,0.506359518,10909,,,,,78607170,5006853,,
19/01/16,1806.099487,5140.916016,,,,43.46904755,-80.55452728,43.47287369,-80.54156494,0.862826705,2.310346365,0.545893729,12359,,,,,76568820,4836564,,
20/01/16,1839.587402,5869.909668,,,,43.46821213,-80.55419922,43.47221756,-80.53974915,1.282628298,1.43171227,0.682641923,10924,,,,,77411486,5416782,,
21/01/16,1666.015137,2719.738525,,,,43.4671402,-80.55400848,43.47227478,-80.54257202,1.475287199,3.596498251,0.512445152,5052,,,,,82256708,2233627,73786,
22/01/16,1716.668213,3085.141113,,,,43.46884918,-80.55577087,43.47682571,-80.54264069,1.703403115,2.559999943,0.649999976,6598,,,,,79965578,2623549,261948,
23/01/16,1632.777954,1461.058838,,,,43.46757889,-80.55482483,43.47374725,-80.5508194,1.256093621,3.220248461,0.516236365,4386,,,,,79031510,1873626,,
24/01/16,1600.567993,1082.236694,,,,43.46956253,-80.55384064,43.47018051,-80.55277252,0.610000014,0.610000014,0.610000014,3274,,,,,81893408,1324622,,
25/01/16,1798.086792,5010.539551,,,,43.46821976,-80.55395508,43.4724884,-80.53926086,,,,9491,,,,,79337888,4704281,,
26/01/16,1712.958496,2905.073486,,,,43.46843338,-80.55503082,43.47262573,-80.54262543,2.132857084,5.220612526,0.51039201,5555,,,,,78997120,2633631,271846,
27/01/16,1842.617065,5109.937988,,,,43.44866562,-80.55483246,43.48186493,-80.49495697,1.879344225,15.78000355,0.511957049,9971,,,,,74352674,5092134,152456,
28/01/16,1927.879883,6792.282227,,,,43.44626999,-80.55477142,43.47692871,-80.48435211,1.168040395,15.81011391,0.500399828,13400,,,,,71336518,6926111,,
29/01/16,1910.548218,5048.577637,,,,43.46563721,-80.55640411,43.47238541,-80.53929901,1.115334988,4.510000229,0.504876256,8696,,,,,78538015,3906042,1109624,
30/01/16,1778.363281,3452.574707,,,,43.46915817,-80.55667114,43.47543716,-80.54654694,1.021494389,2.630000114,0.510881543,7134,,,,,80232285,3417343,407797,
31/01/16,1673.843384,1918.844849,,,,43.46945953,-80.55395508,43.47017288,-80.55280304,1.12209177,3.608670235,0.837257385,4728,,,,,81089164,2224053,155995,
01/02/16,1774.37439,3536.561523,,,,43.46817398,-80.55383301,43.47226715,-80.54257965,1.588584185,1.588584185,1.588584185,6506,,,,,79620768,2735842,669875,
02/02/16,1831.676147,5080.479492,,,,43.44958878,-80.55389404,43.50003815,-80.49607849,2.029522419,17.70000076,0.502493799,10238,,,,,73453354,4797324,167706,
03/02/16,1861.177612,5412.946289,,,,43.46672058,-80.55435181,43.4731102,-80.54076385,2.884905338,6.431119442,0.691809237,10917,,,,,76411118,4339317,564316,
04/02/16,1754.837036,3503.51123,,,,43.46949005,-80.5541153,43.47225952,-80.5426712,1.472625494,2.890155554,0.524976194,6995,,,,,76012538,3040335,325731,
05/02/16,1755.705566,4007.457031,,,,43.46723938,-80.55809021,43.47296906,-80.5415802,1.901181221,5.740077972,0.538516462,8352,,,,,78457002,3766545,90487,
06/02/16,1842.873901,5468.958496,,,,43.46846771,-80.55516052,43.47572327,-80.54337311,1.500888586,6.680007458,0.500899196,10282,,,,,78369284,4432292,331837,
07/02/16,1668.605469,1553.179321,,,,43.45875549,-80.55615997,43.47040558,-80.55227661,5.767689228,25.45000267,0.629999995,4934,,,,369245,80648845,1663754,84587,
08/02/16,1830.303955,6376.257324,,,,43.4682045,-80.55422211,43.47204208,-80.54152679,1.023682237,2.680466413,0.500099957,10443,,,,,77723676,4995874,77086,
09/02/16,1715.676025,3021.199951,,,,43.46949387,-80.55416107,43.47244644,-80.54370117,1.377438664,1.940232038,0.790000021,6063,,,,,80827374,3085095,60566,
10/02/16,1830.706055,4896.205566,,,,43.46816635,-80.55438232,43.47217178,-80.54246521,2.173224211,5.561384678,0.941328824,11656,,,,,78636534,4831276,137871,
11/02/16,1765.788696,3690.950928,,,,43.46878433,-80.554039,43.47240829,-80.54341125,1.326075554,2.326972246,0.55470711,7096,,,,,78295567,2932770,471950,
12/02/16,1748.879272,3678.916504,,,,43.44858551,-80.55405426,43.47678375,-80.49514008,2.635978937,13.99960804,0.514198422,7847,,,,,76158812,3411821,198074,
13/02/16,1599.947021,919.5214233,,,,43.46590424,-80.55342102,43.47390366,-80.54965973,1.812890172,5.741149902,0.558032274,2516,,,,,83681986,632543,246205,
14/02/16,1541.962158,276.6270142,,,,43.44701004,-80.59951782,43.47579575,-80.54981232,7.205330849,16.730299,0.574282169,2138,,,,,80155107,320167,,
15/02/16,1679.738403,1845.403076,,,,43.4695015,-80.55330658,43.47414017,-80.54745483,0.801560998,0.801560998,0.801560998,4405,,,,,83340191,2005030,255286,
16/02/16,1799.066528,3607.952881,,,,43.46943665,-80.55331421,43.47273254,-80.54202271,2.303669214,5.840008736,0.529999971,7310,,,,,82279464,2707325,839994,
17/02/16,1931.685791,6924.530273,,,,43.40509796,-80.55323029,43.69369507,-79.37307739,4.116146564,28.57006264,0.50119853,11935,,,,,69617711,5803805,518333,
18/02/16,1710.562622,3351.805176,,,,43.41049576,-80.55331421,43.69285202,-79.37580872,3.041330576,18.84004211,0.502493799,7215,,,,,71129592,2747861,186678,
19/02/16,1631.674194,1980.601074,,,,43.46937561,-80.55342102,43.4719429,-80.5496521,1.277110219,2.059757233,0.510881543,4492,,,,,82228261,1857544,,
20/02/16,1829.067383,4108.556641,,,,43.46745682,-80.56794739,43.4739418,-80.54966736,1.303212404,7.369999886,0.502493799,6652,,,,,82222047,2267774,1159327,
21/02/16,1626.83374,1574.639282,,,,43.46843338,-80.55421448,43.47101593,-80.55261993,1.928295732,2.499700069,0.509607673,4494,,,,,84439588,1755614,,
22/02/16,1846.348633,5970.60791,96,96,96,43.46821594,-80.55401611,43.47155762,-80.53884125,1.475049853,3.644845724,0.553624392,10224,,,,,80659301,4898949,248881,
23/02/16,1659.691284,2140.569092,,,,43.4696312,-80.5539856,43.47245789,-80.54354858,1.299896121,1.798054457,0.91400224,4452,,,,,83858868,1394896,325830,39204
24/02/16,1765.737061,3451.84668,,,,43.46821594,-80.55413055,43.47227478,-80.54261017,1.183481812,1.531600475,0.821522951,6805,,,,,82245674,4154326,,
25/02/16,1764.005859,3743.005615,,,,43.46947098,-80.55421448,43.4723587,-80.54380798,1.346887708,1.577149391,1.139999986,7331,,,,,79836008,3934950,64912,
26/02/16,1939.4823,5030.224121,,,,43.46760178,-80.56767273,43.47464752,-80.54328156,1.482395172,16.15007591,0.508035421,9119,,,,,79551365,3799921,1313108,
27/02/16,1705.109497,2860.667725,,,,43.4691925,-80.55420685,43.47719574,-80.5454483,1.76108408,6.580190182,0.586941242,6288,,,,,82494863,2766831,153812,
28/02/16,1578.49292,634.6104126,,,,43.46775436,-80.55441284,43.47097778,-80.55063629,1.689098597,2.500319958,0.606712461,2313,,,,,84780064,946430,,
29/02/16,1988.005371,6383.666992,,,,43.46818924,-80.55490112,43.4728241,-80.54195404,1.260903597,8.130153656,0.521536171,11239,,,,,79057155,4798612,1355860,
01/03/16,1709.309814,2747.646729,,,,43.46952057,-80.55406189,43.47247696,-80.54327393,1.246011734,1.650484681,0.709999979,6391,,,,,82920951,2542637,184946,
02/03/16,1892.082642,6431.106934,,,,43.45433044,-80.55433655,43.4730835,-80.53801727,3.671380043,11.17584038,0.508035421,11840,,,,,79161151,4827178,580001,
03/03/16,1802.713989,4023.855469,,,,43.4668045,-80.5690918,43.4738121,-80.54343414,1.24369967,14.95027065,0.529528081,7472,,,,,80589216,3009056,711470,
04/03/16,1768.488159,3691.863281,,,,43.4489212,-97,50.00000381,-80.49118042,3.011912107,14.88005352,0.500399828,7480,,,,,78301173,3172628,453674,
05/03/16,1677.963257,2507.894531,,,,43.46949005,-80.55422211,43.47531891,-80.54666901,1.252077103,2.149325609,0.829698741,4981,,,,,83980933,2324827,94240,
06/03/16,1642.263428,2313.303223,,,,43.46937561,-80.55419159,43.47563934,-80.54742432,0.764755726,3.195387125,0.648459733,4814,,,,,83489302,2038575,,
07/03/16,1757.235962,3900.238037,,,,43.46818161,-80.55417633,43.47240829,-80.54256439,0.967207849,2.30412674,0.544518173,7349,,,,,82409384,3358045,246204,
08/03/16,1688.922485,2234.986328,,,,43.4695816,-80.55416107,43.4723587,-80.5433197,1.617612481,2.070217371,0.708378375,4748,,,,,83696500,1721451,492499,
09/03/16,1828.286499,4668.749512,,,,43.46777344,-80.56806946,43.47318268,-80.54249573,1.173556209,2.767236948,0.638905346,8275,,,,,81088198,3667537,559856,
10/03/16,1706.940552,3229.623291,,,,43.46746445,-80.55413818,43.47591782,-80.52246857,2.112838507,12.08003712,0.520096123,6840,,,,,80187388,2706502,191457,
11/03/16,1769.348755,3212.984619,,,,43.40338516,-80.55316925,43.59524918,-79.61444855,5.115827084,30.45102692,0.635609925,6422,,,,,69531671,2771879,624517,
12/03/16,1784.607544,3672.918213,,,,43.53770828,-79.61523438,43.53986359,-79.61378479,1.308014512,5.090628624,0.504479945,10695,,,,,74265708,4477617,,
13/03/16,1585.773193,1850.8479,,,,43.40447235,-80.55426788,43.60183334,-79.59860992,4.42828989,32.72999954,0.500399828,5805,,,,,72840741,1741345,183955,
14/03/16,1700.118774,3263.297363,,,,43.46818924,-80.55422211,43.47101593,-80.54254913,1.450495958,2.565326452,0.720000029,5786,,,,,82843374,2596206,189667,
15/03/16,1709.679932,3210.029785,,,,43.46956253,-80.554245,43.47229767,-80.54376984,0.720478177,0.991413116,0.539073288,5697,,,,,82897928,3006429,65771,
16/03/16,1809.844604,5215.210449,,,,43.46819687,-80.55418396,43.4755249,-80.54172516,1.81148541,4.340288162,0.526117861,9689,,,,,80299315,4850464,,
17/03/16,1799.335083,4661.267578,,,,43.46945572,-80.55416107,43.4723053,-80.5438385,1.402256966,2.660075426,0.504876256,9053,,,,,81823737,4455042,121221,
18/03/16,1735.479736,3629.820801,,,,43.46960831,-80.55422211,43.47203827,-80.54325867,1.677394867,2.688121796,0.531507313,7690,,,,,82509623,3633474,,
19/03/16,1929.836304,4302.536133,,,,43.46946716,-80.55420685,43.47347641,-80.54264832,1.555682898,2.347636938,0.510783732,10130,,,,,74686062,4485808,1029612,
20/03/16,1635.309204,1216.020874,,,,43.46949005,-80.55458832,43.47025681,-80.55284119,1.249070644,2.780161858,0.61717099,3666,,,,,84186610,1575918,147942,
21/03/16,1776.257324,3768.772705,,,,43.46820831,-80.55422211,43.47213364,-80.54221344,1.413104653,3.680339813,0.552268028,7755,,,,,81270779,3133534,529606,
22/03/16,1766.063843,3549.227539,,,,43.46942139,-80.55422211,43.47274017,-80.54353333,1.231445789,2.660018682,0.560892165,7595,,,,,80852028,3441224,285715,
23/03/16,1822.178345,5064.745605,,,,43.46820068,-80.55438995,43.4755249,-80.54252625,1.133934021,1.886796236,0.509215057,10220,,,,,80968867,4796245,120857,29061
24/03/16,1926.311035,6983.779785,,,,43.46817017,-80.56784058,43.4739418,-80.5438385,1.558340073,9.803448677,0.519711435,11683,,,,,78356348,6115464,307019,35245
25/03/16,1690.592529,2252.122314,,,,43.45592499,-80.59909058,43.47259903,-80.54970551,3.258707285,17.35001183,0.521536171,5580,,,,,76146723,2660908,63486,35098
26/03/16,1938.553467,6629.432617,75,75,75,43.46912003,-80.55426788,43.47161102,-80.54972076,0.800277948,2.930273056,0.504479945,10461,,,,,80688174,3834837,1027054,60682
27/03/16,1901.054688,4630.865234,76,76,76,43.46954727,-80.55471802,43.47167206,-80.54966736,1.189177752,3.235583305,0.505667865,9084,,,,,78675066,4449941,802137,110707
28/03/16,1767.119873,3588.250732,,,,43.46820831,-80.5541687,43.47216797,-80.54170227,2.291372061,5.400009155,0.742159009,7818,,,,,82052530,3939622,66618,49786
29/03/16,1823.701782,4760.837891,,,,43.46767426,-80.56795502,43.47238541,-80.54319,2.954135656,6.434010983,0.533666551,9740,,,,,78748437,4335377,310425,55021
30/03/16,1749.609619,3315.610107,75,75,75,43.40349579,-80.55420685,43.68682098,-79.58666229,5.002235889,30.61000252,0.505964398,8022,,,,,70005590,3784382,,53268
31/03/16,1669.931396,1882.498413,,,,19.02671242,11.79284763,48.35266495,72.8744812,2.335502148,15.76285553,0.50999999,6252,,,,,73852772,2167200,152470,
01/04/16,1622.119141,1008.444336,,,,19.02782822,72.82284546,19.06928635,72.86482239,4.310995579,18.8400116,1.230162621,4666,,,,,69605192,1693841,,
02/04/16,1540.165161,95.84947968,,,,19.06842804,72.82820129,19.06898308,72.82848358,,,,2883,,,,,84583729,204136,,48840
03/04/16,1613.804321,727.5842285,,,,19.02087975,72.82377625,19.06954956,72.86573029,,,,4571,,,,,72253406,1445439,,60412
04/04/16,1607.86499,734.5440063,,,,19.0598259,72.82432556,19.06898117,72.82962036,,,,2965,,,,,82066701,1435486,,
05/04/16,1546.175415,96.96537018,,,,19.05821419,72.82431793,19.07151222,72.82849884,,,,1699,,,,,84199407,191032,,115023
06/04/16,1562.507446,297.4093933,,,,19.04607773,72.82019806,19.06892395,72.82845306,,,,3390,,,,,80560144,514404,31202,49836
07/04/16,1594.561401,567.0869141,,,,19.06156349,72.8240509,19.11586761,72.8345108,,,,3924,,,,,72848796,1120534,,56965
08/04/16,1598.796631,452.2675781,,,,19.02522278,72.82035828,19.06884766,72.86500549,,,,5002,,,,,75983181,932367,91485,88061
09/04/16,1695.835083,632.0178833,,,,19.06147575,72.82266998,19.07039642,72.83005524,,,,5622,,,,,74574791,1327473,718448,
10/04/16,1569.942871,220.6330719,,,,19.06173325,72.8237915,19.06887245,72.82849121,,,,8560,,,,,62587729,705718,,53728
11/04/16,1560.444702,138.9859619,,,,19.06834221,72.82810211,19.06889534,72.82849121,2.734233618,6.315069199,0.690289795,3411,,,,,77040702,536851,,57234
12/04/16,1560.764893,309.2259216,,,,19.02713013,72.82351685,19.07089043,72.87538147,3.735445499,17.28551483,0.533385396,4682,,,,,76564175,559946,,47192
13/04/16,1637.093262,1101.309692,,,,19.0451622,72.82390594,19.09998894,72.87462616,2.643796444,22.39393806,0.530094266,5023,,,,,38634766,1445533,219745,
14/04/16,1708.513794,2788.417969,,,,43.40967941,-80.55417633,43.68625641,-79.59399414,4.301999569,30.09004211,0.500099957,8536,,,,,36659444,2880947,129012,
15/04/16,1722.932251,3376.883057,,,,43.46956635,-80.55455017,43.47301102,-80.54171753,1.079497933,4.180107594,0.519999981,7185,,,,,80817469,3296576,,70939
16/04/16,1852.582153,5652.734375,,,,43.4695816,-80.55445099,43.47303391,-80.53379059,1.065892696,2.393532991,0.52469033,11005,,,,,79392355,5113609,172975,71000
17/04/16,1605.635742,918.9226685,,,,43.46958542,-80.55440521,43.47159195,-80.54885864,1.415743709,15.88630199,0.509313285,3357,,,,,81506339,1203455,,118594
18/04/16,1752.131348,4011.735596,,,,43.4693222,-80.55421448,43.47120667,-80.55235291,2.026623964,5.470081806,0.5433231,7640,,,,,81680300,3198158,197023,153490
19/04/16,1617.186401,1188.740234,,,,43.46937561,-80.55423737,43.47014999,-80.55281067,1.747860193,2.950016975,0.582494617,4123,,,,,83824398,1396544,,121331
20/04/16,1571.968506,622.6018066,,,,43.46925354,-80.55419159,43.47015381,-80.55253601,0.92476362,1.300346017,0.549181223,3532,,,,,84564900,755000,,45418
21/04/16,1617.116211,837.4342041,77,77,77,43.46962357,-80.55419922,43.47045898,-80.55278015,1.505841851,3.01001668,0.530377209,3936,,,,,84093569,1265996,60786,116481
22/04/16,1838.437622,3901.067871,,,,43.403759,-80.55405426,43.60403442,-79.60684204,2.628740311,23.84007454,0.503289163,10950,,,,,65500399,4547856,341182,
23/04/16,2251.854004,10792.21289,,,,37.61634064,-122.5096054,43.68375015,-79.59077454,4.662192822,33.68440247,0.509215057,19094,,,,,47013763,12388029,,53302
24/04/16,2455.743652,14065.58008,73,73,73,37.72013855,-122.4659576,37.79517365,-122.39431,1.808991551,13.80739689,0.508035421,24653,,,,,67026800,15589993,61603,134598
25/04/16,2171.448242,8455.647461,,,,37.57925415,-122.4798203,37.85679245,-122.3443298,2.666364908,31.85226631,0.5,16003,,,,1023901,65560704,8053389,695739,53947
26/04/16,2240.776611,11660.42773,,,,37.7608757,-122.4362488,37.80891037,-122.3933411,1.68783462,4.089364529,0.500399828,17553,,,,,74597878,7908148,1875665,71527
27/04/16,2629.915283,18078.25391,,,,37.49094009,-122.4360657,37.80769348,-121.8750916,2.161804199,30.60002708,0.516236365,28604,67,67,67,,60374399,18083361,338094,61165
28/04/16,1957.360229,10324.72754,,,,37.60531616,-122.4363174,37.87028122,-122.032196,2.221385241,30.19000053,0.52172786,16116,,,,,66180849,8999148,,
29/04/16,1980.733887,6244.364258,,,,37.76099014,-122.4372101,37.80741501,-122.3985214,1.828366876,15.47933483,0.505667865,14586,,,,,65045242,9455513,,
30/04/16,2358.725586,15390.94434,,,,37.76091385,-122.4432297,37.80857849,-122.3929672,1.231473446,9.291097641,0.508035421,25919,,,,,66704353,16486964,,
01/05/16,1679.568115,2474.563721,86,86,86,37.61535263,-122.4361649,43.69521332,-79.566185,4.824857235,33.02060699,0.514781475,7947,,,,,47245096,3483821,157832,
02/05/16,1697.496094,4148.01123,,,,43.46494675,-80.54574585,43.47260284,-80.5399704,1.382238865,11.92026901,0.568858504,8377,,,,,81664614,3338037,363904,
03/05/16,1724.680176,3450.108643,,,,43.46557617,-80.5682373,43.47463989,-80.53905487,2.316930532,15.65830708,0.720624745,9691,,,,,78822444,2987387,743443,
04/05/16,1612.198364,2595.831055,,,,43.46552658,-80.54541779,43.47270203,-80.5401535,3.637552261,7.229114532,0.523450077,6343,,,,,83151152,2568229,,
05/05/16,1658.164795,3484.5625,,,,43.46525192,-80.56787872,43.47437286,-80.53931427,1.28623879,20.26000214,0.519711435,6962,,,,,77833744,2411785,328311,
06/05/16,1669.377686,3513.736572,,,,43.46549225,-80.54502869,43.47250366,-80.54004669,1.122847319,2.462458134,0.54230988,9513,,,,,74848268,3654279,,
07/05/16,1698.600952,3033.08667,,,,43.46532822,-80.54290009,43.47249985,-80.53730774,0.955817997,2.849999905,0.50774008,9992,,,,,76089989,3653537,236638,
08/05/16,1489.704224,209.2122192,,,,43.46516037,-80.54280853,43.46587753,-80.54256439,7.704369068,7.704369068,7.704369068,2001,,,,,85829772,306575,,
09/05/16,1600.133789,2046.342041,,,,43.46572113,-80.5446167,43.47240067,-80.54152679,1.268449545,1.612451553,0.78294313,5551,,,,,81231736,2299265,,28740
10/05/16,1585.421509,2092.602539,,,,43.4653244,-80.54462433,43.47260666,-80.53998566,2.402896166,4.128014088,0.5,4938,,,,,80668608,2042779,,26048
11/05/16,1992.905273,8124.446777,,,,43.46566772,-80.54842377,43.47568512,-80.5362854,1.676181197,2.910755873,0.530094266,15145,,,,,72691831,5824029,1624651,52034
12/05/16,1732.577026,3394.253418,,,,43.46473312,-80.54745483,43.4725914,-80.54206848,2.628475904,7.160007,0.50119853,7744,,,,,75675574,3952521,242917,44620
13/05/16,2012.251465,7403.098633,,,,43.44385147,-80.57093048,43.49005508,-80.49195099,3.697969913,22.6602211,0.506359518,13487,,,,,71186670,4397661,2155648,112563
14/05/16,1477.437744,,,,,43.46567154,-80.54292297,43.4662323,-80.54219818,0.587190032,0.660000026,0.519711435,1403,,,,,86258861,,,44261
15/05/16,1624.710083,2404.941162,,,,43.46563721,-80.5677948,43.47309494,-80.53449249,2.247891188,13.58162308,0.522015333,6082,,,,,79256298,2101858,283122,32216
16/05/16,1778.537231,4473.890625,,,,43.46338654,-80.54512024,43.47270203,-80.53993988,1.825915933,7.186793327,0.575586677,9785,,,,,79634504,3926347,740174,35478
17/05/16,1861.807861,7622.083496,,,,43.46560669,-80.54919434,43.47303391,-80.53980255,1.257659554,3.691354752,0.515460968,12751,,,,,78264832,5369283,636862,87288
18/05/16,1749.535645,6174.594238,,,,43.46553421,-80.54502106,43.47306061,-80.53823853,1.343813539,2.696145535,0.502493799,10954,,,,,80087737,5131470,,
19/05/16,1827.903442,6532.308594,,,,43.46559906,-80.56777191,43.47446823,-80.53894806,1.661999583,9.273931503,0.525547326,11612,,,,,75194774,5830454,299892,42812
20/05/16,1562.006592,1960.900513,,,,43.46553421,-80.54590607,43.47280502,-80.54229736,1.979509354,3.740213871,0.52038449,3973,,,,,84025107,1566929,,47776
21/05/16,1921.845703,4791.050781,,,,43.41042328,-80.5430603,43.59526062,-79.60372162,6.118584156,31.73015594,0.51039201,11032,,,,,61784734,5844804,1041103,50624
22/05/16,1758.709473,2053.149902,,,,43.53884125,-79.61518097,43.5395813,-79.61418915,3.395452738,7.183432102,0.511566222,7007,,,,,73262793,3713890,665336,48696
23/05/16,1602.857056,1750.918213,,,,43.40935135,-80.54270935,43.59780502,-79.59880066,4.600577831,30.23000526,0.722495675,5271,,,,,69015611,2319654,,54004
24/05/16,1952.072632,8239.398438,,,,43.44226074,-80.56788635,43.47787094,-80.4855423,2.047231913,16.05037498,0.500099957,13583,,,,,70896133,7329614,617547,96163
25/05/16,1658.4729,2865.59082,,,,43.46547699,-80.54541016,43.47220993,-80.54074097,1.285254359,4.820000172,0.511566222,5679,,,,,80657568,3356525,,51075
26/05/16,1931.117798,7869.383789,67,67,67,43.44309616,-80.55010223,43.47592545,-80.49308014,1.451243877,15.77015591,0.505667865,13025,,,,,73978640,6731503,446923,322093
27/05/16,1994.540527,7743.583008,,,,43.46429825,-80.54506683,43.48997116,-80.49236298,2.631948948,21.00000191,0.50695169,13103,,,,,73821641,8979474,124092,99747
28/05/16,1894.084106,5627.004883,,,,43.46541214,-80.55326843,43.47536087,-80.54152679,1.257485986,10.580019,0.540832698,11572,,,,,72429087,6951215,315630,48629
29/05/16,1533.989502,285.2060547,,,,43.46559143,-80.54309845,43.46608353,-80.54137421,1.146528482,6.039999962,0.642806351,1987,,,,,83706199,1026304,,59790
30/05/16,1650.947266,2439.928223,,,,43.46491623,-80.54502869,43.47267151,-80.54014587,1.274529934,2.305558443,0.708801806,5318,,,,,78638033,2364330,414130,
31/05/16,1776.662231,4474.375,,,,43.46546555,-80.5503006,43.47523499,-80.54064941,1.189164281,2.957465172,0.501597464,9142,,,,590417,76939563,4127744,319039,
01/06/16,1647.747925,2853.503662,,,,43.46567917,-80.54537964,43.47286606,-80.54202271,1.566208482,3.159192801,0.515460968,6702,,,,,78317024,3077130,,96554
02/06/16,1639.381348,2729.786377,,,,43.46536255,-80.54471588,43.47232819,-80.54137421,1.399091721,4.088532925,0.506063223,5058,,,,,81570272,1846569,505565,51908
03/06/16,1614.091675,2718.986816,,,,43.46357727,-80.54304504,43.47263718,-80.53678894,2.305539131,4.224275112,0.570701361,4497,,,,,83313359,1905907,275108,42969
04/06/16,1715.814453,3417.664795,,,,43.46384811,-80.54334259,43.47650528,-80.51387787,1.150207996,14.61008549,0.516236365,7896,,,,,74453156,4404580,,42573
05/06/16,1628.905273,2929.067871,,,,43.46516418,-80.5496521,43.47478485,-80.54229736,4.900139332,8.880005836,0.505667865,6210,,,,,82727801,2163936,200413,50880
06/06/16,1683.72168,3367.383789,,,,43.46523666,-80.54443359,43.47261047,-80.53652954,0.995218098,5.449999809,0.520096123,7725,,,,,80497317,3314970,232069,43537
07/06/16,1620.011963,2656.782959,,,,43.46324158,-80.54508209,43.4725914,-80.54116821,0.917981565,3.311857462,0.521536171,5802,,,,,81639041,2657434,,43710
08/06/16,1814.58667,4660.741699,,,,43.46553802,-80.54928589,43.51568604,-80.49185181,4.05039978,14.86001301,0.500099957,9410,,,,,74784442,5184282,450526,45522
09/06/16,1864.365967,6950.991211,,,,43.45998001,-80.54601288,43.47253799,-80.53411102,1.253125072,3.339056492,0.530094266,14219,,,,,77547060,6836250,64926,42734
10/06/16,2036.309937,8972.435547,,,,43.46258163,-80.54685211,43.50004959,-80.49199677,1.614819527,15.18296432,0.510881543,17733,,,,,71612083,9127163,558645,50161
11/06/16,1728.160645,4323.163574,,,,43.46359253,-80.54984283,43.47514343,-80.53687286,1.759784937,9.500889778,0.513517261,7743,,,,,79166438,4663911,,48565
12/06/16,1687.331787,4598.891113,,,,43.46556091,-80.54968262,43.47488022,-80.54225159,1.400519013,3.802906752,0.565685391,7803,,,,,80538831,3688464,,54187
13/06/16,1662.328003,3528.643066,,,,43.46563721,-80.5458374,43.47333145,-80.5370636,1.008912802,1.940232038,0.577061534,12361,,,,,80992017,3412057,,62893
14/06/16,1668.151611,4002.269775,,,,43.46308899,-80.54959869,43.47472763,-80.54178619,1.002494216,3.086907625,0.529244781,7664,,,,,81940811,3519096,,56458
15/06/16,1620.559204,2329.763672,,,,43.46541595,-80.54502869,43.47235107,-80.54029846,2.716538668,4.59001112,0.500099957,4933,,,,,80643307,2744012,,
16/06/16,1637.235718,2661.202148,,,,43.46567535,-80.54519653,43.47262192,-80.5406189,1.218506813,2.883834124,0.550000012,5934,,,,,78313590,2956710,,55985
17/06/16,1715.109131,3975.849365,,,,43.46397018,-80.54577637,43.47683334,-80.51403046,1.615748882,12.08006573,0.502195179,7885,,,,,77694501,4461115,,25157
18/06/16,1546.214844,397.7536621,,,,43.46541214,-80.5429306,43.4659462,-80.54233551,4.086391926,8.029999733,0.520864666,1778,,,,,83723436,1247444,,63562
19/06/16,1552.87561,968.3434448,,,,43.46532822,-80.55002594,43.47515488,-80.5421524,1.733048558,11.63003826,0.556596756,3232,,,,,79969362,1373773,,62299
20/06/16,1592.847168,2184.926514,,,,43.46567535,-80.54441071,43.47070694,-80.54182434,2.873355627,6.600189686,0.516623676,5152,,,,,82303447,2227504,,
21/06/16,1842.374146,6315.30957,,,,43.46372223,-80.59326172,43.50111771,-80.52346802,1.793522716,17.68206215,0.528109848,11601,,,,,75222245,5534950,588087,
22/06/16,1760.407227,4601.036133,,,,43.46497345,-80.54512024,43.47267914,-80.5369873,1.371326327,6.179999828,0.52038449,8063,,,,,75212764,4362151,382331,
23/06/16,1747.293945,4654.530762,,,,43.44039536,-80.56787109,43.4739418,-80.49201965,2.349615097,15.82102394,0.502195179,9045,,,,,69864278,4371767,276743,
24/06/16,1733.411133,3489.416748,,,,43.46541214,-80.54833221,43.48171997,-80.52341461,1.500334382,10.79066753,0.526117861,6155,,,,,76426818,1941399,1264034,
25/06/16,1614.995117,2199.927002,,,,43.4655838,-80.54800415,43.47470093,-80.54225159,4.925560951,11.11007214,0.50999999,4681,,,,,82843462,2634933,,
26/06/16,1936.229004,8133.16748,,,,43.4633522,-80.55001831,43.47699356,-80.53471375,3.526715279,14.77012253,0.52469033,11337,,,,931831,77413771,4805669,1227813,
27/06/16,1661.254883,2096.070557,,,,43.46448517,-80.54275513,43.46603012,-80.54214478,2.890017271,2.890017271,2.890017271,5362,,,,,79681151,2237529,526666,35744
28/06/16,1718.268799,4261.773926,,,,43.46372223,-80.568573,43.47501373,-80.53968048,,,,9159,,,,,78615238,3761042,189737,202175
29/06/16,1724.442627,3541.36499,,,,43.46560287,-80.54283142,43.47266769,-80.53627777,1.43103075,1.994918585,0.576974869,6101,,,,,82103339,1714881,1179407,32745
30/06/16,1789.862915,5669.807129,,,,43.46544647,-80.54524994,43.47275162,-80.53675842,1.163446307,2.231098413,0.5,11993,,,,,78838788,5637422,89472,32609
01/07/16,1873.5625,6246.435547,,,,43.46343613,-80.55235291,43.47556686,-80.53739166,2.103182793,5.716380119,0.54230988,11033,,,,,76595589,3711961,1637941,
02/07/16,1778.98938,4521.042969,,,,43.46361923,-80.54298401,43.5182457,-80.49355316,1.741440177,16.60091591,0.550363541,8352,,,,,77588826,3294200,1005518,
03/07/16,1661.567383,2948.121582,,,,43.46340942,-80.54285431,43.47415924,-80.53549957,0.890813768,1.390575409,0.530848324,5962,,,,,80937019,2266426,503300,52913
04/07/16,1688.145264,3260.480469,,,,43.46573639,-80.54507446,43.47302246,-80.53992462,2.54683423,7.984948158,0.514781475,6188,,,,,78281559,2397074,668751,45440
05/07/16,1890.745483,7940.958984,,,,43.46527863,-80.55001068,43.47492218,-80.5369339,1.125416517,2.020098925,0.545893788,12055,,,,,78515274,5961954,679850,49803
06/07/16,1968.486816,8819.744141,,,,43.46574402,-80.54946136,43.47706985,-80.537117,2.157210112,6.174665928,0.528393805,13798,,,,,77964777,6788082,861047,60640
07/07/16,1738.529785,4964.009766,,,,43.46505356,-80.54573822,43.47267914,-80.53743744,3.345740795,10.49007607,0.54230988,9494,,,,,80363062,4506928,184599,
08/07/16,1966.91394,7253.714355,,,,43.40534592,-80.5454483,43.59487152,-79.61211395,2.547287941,30.53002739,0.531507254,14094,,,,,67716603,6930855,938558,67872
09/07/16,1533.991577,751.9764404,,,,43.53881073,-79.61532593,43.53969193,-79.61421204,1.556776047,9.970767975,0.504876256,4056,,,,,78035890,1105250,,
10/07/16,1944.50708,7278.1875,,,,43.40759277,-80.54535675,43.56644821,-79.61436462,4.981437206,37.89033508,0.55542779,13934,,,,,71883467,8780526,,
11/07/16,2096.11499,12472.26074,,,,43.46548843,-80.54891205,43.47628784,-80.53619385,1.09698534,3.810642958,0.51039201,20559,67,67,67,,72181423,8862492,953172,
12/07/16,1790.365967,6243.450195,,,,43.46566772,-80.55010986,43.47275162,-80.53629303,2.241842747,3.80032897,0.505667865,10697,,,,,79448046,5090253,290325,
13/07/16,1713.328857,2884.626953,,,,43.40454865,-80.54292297,43.59503555,-79.58414459,5.167179108,31.11058044,0.521536171,6690,,,,,71765326,3397121,468682,
14/07/16,2074.277344,6672.657227,,,,43.53881073,-114.1408386,53.30811691,-79.55265045,2.709616661,262.7122498,0.500100017,16355,,,,,44784809,10498751,279909,
15/07/16,1902.68689,5145.368164,,,,50.93958664,-116.1809998,51.42305374,-114.0004501,5.568257332,32.19287109,0.500099957,12416,,,,,57037225,7896106,,48373
16/07/16,1947.239868,6724.639648,,,,51.38056564,-116.5410843,51.49752045,-116.1779175,2.349239349,20.44008827,0.530848324,16297,,,,,56884856,8731887,,
17/07/16,2117.259277,8744.748047,,,,51.14471054,-116.2475815,51.42991257,-115.5554276,2.255304098,22.0150547,0.518844843,19828,,,,,55096133,11771719,60145,
18/07/16,1805.14856,4220.438477,,,,51.1681366,-116.1908188,51.430336,-115.5679321,2.24988842,22.84000969,0.502195179,11767,,,,,62850407,6170930,,
19/07/16,1876.169678,5476.099609,,,,51.13469696,-117.071373,52.17466736,-115.4067993,2.904300213,30.12239647,0.509215057,14978,,,,,54516759,7498979,,
20/07/16,1739.269653,3099.459961,,,,52.18347931,-118.090477,52.92243958,-117.0644836,4.228486061,31.22205734,0.500099957,10344,,,,,55308097,4812736,62631,
21/07/16,1876.150635,4896.894043,,,,52.82794952,-118.1020203,52.92766953,-118.0531387,1.998492122,21.3500843,0.500099957,15442,,,,,57557921,7353643,62827,
22/07/16,1587.749023,2066.988037,,,,52.20179367,-118.0948944,52.87931442,-117.2230148,6.853367329,34.49974823,0.51039201,13108,,,,,84266637,2133363,,
23/07/16,1480.298584,140.3978577,,,,49.03369141,-123.1809998,53.03209305,-118.0590057,10.17632008,40.51027679,0.500099957,5886,,,,,86268668,131332,,
24/07/16,1641.78894,3912.5354,,,,43.41028214,-123.1863327,49.19547653,-79.59358978,1.29134655,30.56005859,0.5,10261,,,,,83357648,3042352,,
25/07/16,1719.930054,4828.48877,,,,43.46500778,-80.54856873,43.4751358,-80.53721619,2.332318783,4.420045376,0.520864666,8992,,,,,80518384,4596176,,
26/07/16,1751.767944,4884.87207,,,,43.46504593,-80.5453949,43.47278976,-80.53607178,1.085616708,2.62007618,0.52392745,9679,,,,,75385735,3384953,680625,104708
27/07/16,1947.288208,7002.40625,,,,43.41015625,-80.54967499,43.47647095,-80.43741608,2.658548594,12.9400034,0.61032778,11532,,,,427391,70095599,7822546,,313162
28/07/16,1765.807129,5129.222656,,,,43.46556091,-80.56802368,43.47442245,-80.53681946,1.251498461,17.91111755,0.501597464,9789,,,,,77933985,5087747,131019,
29/07/16,1589.904175,1806.426514,,,,43.46569443,-80.54292297,43.47223282,-80.53720093,0.795133293,0.839999974,0.750266612,4304,,,,,82787273,1399137,308664,
30/07/16,1707.952026,5156.266113,,,,43.46573639,-80.54273987,43.47266769,-80.537117,0.718997061,1.019656777,0.509607673,9117,,,,,79980346,4004444,128553,
31/07/16,1645.265015,2496.525146,,,,43.46227264,-80.54310608,43.47223282,-80.53729248,0.69078356,0.843089521,0.611882329,6694,,,,,78272388,1862542,437679,137936
01/08/16,1590.699341,1607.87439,,,,43.4650383,-80.54322052,43.47269821,-80.5368576,0.815609574,0.960052073,0.670074582,4550,,,,,81253007,1679797,127249,123673
02/08/16,1497.748047,21.46784592,,,,43.4656105,-80.54286957,43.46604538,-80.54232788,3.803473473,7.49801302,0.50774008,2141,,,,,81539215,223755,,132000
03/08/16,1707.888062,3540.544922,,,,43.46222305,-80.54623413,43.47229385,-80.5368576,2.016210556,5.090245724,0.512445092,8391,,,,,77688753,3318098,455366,
04/08/16,1675.767578,4057.693604,,,,43.46528625,-80.56828308,43.47451019,-80.53707123,1.755555034,15.94005013,0.500899196,7463,,,,,79779649,3765265,,
05/08/16,1598.43396,1641.610596,,,,43.46508789,-80.5454483,43.47195435,-80.54144287,0.844197154,1.341342688,0.500899196,5020,,,,,77084012,2002917,,186921
06/08/16,1622.468628,1823.859863,,,,43.46525192,-80.54334259,43.47219849,-80.5368576,1.464548707,2.573285818,0.58549124,5083,,,,,79202156,1533770,432225,145787
07/08/16,1492.456299,112.2410507,,,,43.46537781,-80.54312134,43.46611404,-80.54232025,2.556755066,4.820373535,0.701141894,3127,,,,,82930150,356562,,
08/08/16,1635.338013,2646.318604,,,,43.46359634,-80.54626465,43.47271729,-80.53703308,1.493184566,9.490020752,0.504876256,6180,,,,,79146457,2364604,287093,
09/08/16,1542.648193,815.7435913,,,,43.46413803,-80.54306793,43.46627045,-80.54199982,1.107498884,3.120400429,0.51009798,4493,,,,,79849513,1293034,,
10/08/16,1737.253418,3533.352783,,,,43.46548843,-80.54647827,43.47254181,-80.53729248,0.950078607,2.072413921,0.582151175,8197,,,,,77972918,3417538,657642,
11/08/16,1788.852539,3367.800537,,,,43.29428101,-80.54988098,43.68720245,-79.5687027,5.328147888,32.99260712,0.629999995,11937,,,,,62040274,4680444,519463,
12/08/16,1711.849609,2546.214844,,,,19.02717972,-0.458464116,51.4702301,72.87458038,5.874289989,19.74260902,0.886002243,10426,,,,,64777474,4414998,12563,
13/08/16,1642.646729,3466.476074,,,,19.04466057,72.8191452,19.07455444,72.83424377,1.058454275,1.323215842,0.546259999,9820,,,,,74311640,3137091,,
14/08/16,1503.564453,200.8723602,,,,19.06857491,72.82801819,19.06891441,72.82884979,2.323316574,2.323316574,2.323316574,3377,,,,,82399147,564823,,
15/08/16,1495.969116,244.5675659,,,,18.91423035,72.79290771,19.06903458,72.86464691,3.712377071,26.36001778,0.519999981,3876,,,,,68207838,418058,,
16/08/16,1615.578857,1078.992798,,,,18.99802589,72.81310272,19.08162689,72.83705139,6.222205162,27.42072868,0.50999999,6651,,,,,69387185,2149176,220196,
17/08/16,1723.551025,3044.298828,,,,18.98917389,72.81235504,19.07368851,72.83778381,5.2018466,26.99817848,0.509607673,6498,,,,1913504,64511738,2569438,,
18/08/16,1641.803589,1422.789185,,,,19.02636147,72.8239975,19.07704163,72.86430359,4.359235764,18.92002296,0.5,9261,,,,,69682002,3108946,8516,
19/08/16,1538.160889,564.8531494,,,,19.04584885,72.82083893,19.10591125,72.8368988,3.274297476,10.98284531,0.500099957,6301,,,,,66823743,1191112,,
20/08/16,1580.757568,1337.758911,,,,18.92648315,72.80735779,19.10645676,72.83667755,4.157877922,32.26419067,0.523450077,4752,,,,,68687732,1982165,,
21/08/16,1569.234253,883.8464966,,,,18.98928833,72.81224823,19.06899452,72.84751892,3.006534576,27.67018127,1.330150366,5844,,,,,75845535,1772944,,
22/08/16,1572.542847,1113.486572,,,,19.04567337,72.81996155,19.10650253,72.83461761,4.13592577,14.56003094,0.50289166,6014,,,,,74268985,1849880,,
23/08/16,1538.057373,398.7957458,,,,18.98950768,72.81377411,19.07094193,72.87184143,5.707438946,26.24855042,0.529999971,4653,,,,,68020733,1207501,,
24/08/16,1565.616821,550.565918,,,,19.02297592,72.82253265,19.06939507,72.86388397,,,,5028,,,,,74138605,1705030,,
25/08/16,1505.15625,150.1855164,,,,19.06851196,72.82830048,19.06967545,72.83014679,,,,2948,,,,,81119865,591183,,
26/08/16,1578.243896,2293.685547,,,,19.04018402,72.82087708,19.0715065,72.86466217,,,,3855,,,,610632,76244871,1299682,,
27/08/16,1674.794922,2393.313965,,,,19.04093933,72.82312775,19.07105827,72.87164307,,,,8328,,,,,70044986,3114307,279415,
28/08/16,1717.452637,5770.499023,,,,19.0479908,72.81998444,19.06939507,72.82892609,3.142564297,6.40440464,1.108196735,10723,,,,,77138255,4526832,,
29/08/16,1681.152222,3649.801758,,,,19.04201698,72.82196045,19.07133102,72.86512756,4.985979557,15.10999966,0.616603613,9047,,,,,71190550,3869810,,
30/08/16,1700.181519,3471.621338,,,,18.93717575,72.80805969,19.08020782,72.8707962,4.025959015,21.29039764,0.500899196,9683,,,,,59228665,3405733,278456,16106
31/08/16,1591.180786,1301.452881,,,,18.92864799,72.80458069,19.10457993,72.86451721,5.201732635,30.0210495,0.528015137,4857,,,,,59226217,2197301,,
01/09/16,1732.28894,9397.831055,,,,19.04866982,72.82176971,19.06966209,72.84664154,5.488258362,15.11246109,0.538516462,7615,,,,1483219,76978072,3012918,,
02/09/16,1575.031006,967.6481323,,,,19.04588127,72.81975555,19.07244301,72.83209229,2.943049669,10.44804764,0.510881543,4765,,,,,73990966,1894216,,
03/09/16,1711.000122,5176.580078,,,,19.05927277,72.82169342,19.06895638,72.82860565,4.452125549,8.023122787,2.029999971,9947,,,,,78827826,3208880,297027,
04/09/16,1542.651978,602.5253906,,,,19.06866455,72.82826996,19.06914139,72.82859039,2.468634129,4.001699448,0.74000001,5145,,,,,78628242,1291358,,
05/09/16,1546.798828,840.3499756,,,,19.04574203,72.81978607,19.06899452,72.82846832,2.712477207,9.005026817,1.158792496,4505,,,,,79911957,1353768,,
06/09/16,1520.500244,352.4321899,,,,19.04017448,72.82382202,19.06898689,72.86450195,5.907010078,15.72011471,0.500899196,4449,,,,,76181962,879592,,
07/09/16,1591.356323,3601.936768,,,,19.04593086,72.81970978,19.06901169,72.82847595,3.920941114,11.56001759,0.725603163,4323,,,,834542,76285267,1204256,38735,
08/09/16,1803.888306,5377.016602,,,,19.03989029,72.82218933,19.07154274,72.86476135,3.673938274,18.15070534,0.586685538,14040,,,,,71338234,6155184,,
09/09/16,1549.74292,586.9315796,,,,19.04576492,72.82089996,19.06904411,72.82862091,1.71728003,7.243044853,0.660302997,3579,,,,,76784027,1425226,,
10/09/16,1700.390381,2465.599609,,,,12.98499584,72.8239212,19.10318947,77.7121048,4.756046772,20.0878067,0.500399828,6878,,,,,64703300,3520761,196657,
11/09/16,1666.307007,1901.074341,,,,12.91981506,77.53916931,12.98882294,77.63843536,2.095322847,17.77112579,0.509607673,8049,,,,,65941106,3166199,177360,
12/09/16,1608.180054,2036.421265,,,,12.92517567,77.62696075,12.94021893,77.63777161,2.470936537,13.01009655,0.503587127,7218,,,,,72534936,2494970,7853,
13/09/16,1641.400146,2806.398438,,,,12.9357214,77.62666321,12.94028568,77.63063049,2.014385223,9.19654274,0.520096123,8239,,,,,76035692,2824328,132030,
14/09/16,1630.485107,2531.754883,,,,12.92503834,77.62510681,12.94090652,77.63772583,2.886757135,14.35611439,0.500099957,5468,,,,,77012770,2638910,127338,
15/09/16,1556.580566,1077.651978,,,,12.92516232,77.62709045,12.94010067,77.63741302,2.109471321,12.25108147,0.501597464,3578,,,,,80702334,1470749,,
16/09/16,1580.27832,2021.376587,,,,12.9250803,77.62674713,12.93956184,77.63743591,1.740644932,9.447820663,0.50695169,4350,,,,,80009378,1527591,120906,
17/09/16,1502.107178,517.2658081,,,,12.93836594,77.62845612,12.94216442,77.63253784,1.55784142,11.84108162,0.504876256,2777,,,,,80087697,487356,,
18/09/16,1578.960327,1438.30188,,,,12.92762184,77.59402466,12.98245049,77.64162445,2.408230543,17.1805706,0.500899196,6513,,,,,68991942,1963960,,
19/09/16,1668.491699,3731.893311,,,,12.92124939,77.61473846,12.94010067,77.63632202,1.490871191,6.05161953,0.528015137,7013,,,,,80127756,3474600,,
20/09/16,1645.130859,3107.892822,90.86063385,150,60,12.92261219,77.62664032,12.93962002,77.63624573,1.312331676,6.961214066,0.504876256,6221,,,,,77373786,2857771,119945,
21/09/16,1641.319946,3298.250244,82.71006775,133,60,12.92261219,77.62661743,12.93939304,77.63626862,3.43984437,12.4695034,0.610737264,6695,,,,,75921917,3131510,,
22/09/16,1726.288696,4959.009766,85.65711212,132,64,12.92497921,77.62670898,12.93954372,77.63625336,2.768651962,8.854434013,0.516623676,9449,,,,,75714444,4714652,,
23/09/16,1766.015381,1941.067261,71.86969757,127,50,12.9250021,72.82667542,19.10201073,77.70898438,3.011808157,24.87039566,0.50209558,7142,,,,1832699,62762496,3355153,61051,
24/09/16,1493.51416,55.27310562,94.34571075,149,55,19.06855583,72.82818604,19.06880188,72.82861328,,,,3160,,,,,80873023,377565,,
25/09/16,1626.831665,1586.404663,90.90005493,131,67,12.92763329,72.82389069,19.09993744,77.7110672,25.72475624,216.9800568,0.542033195,6335,,,,,65553970,2572699,114943,
26/09/16,1657.842773,3112.016357,86.67112732,137,56,12.9251852,77.62669373,12.93967152,77.63766479,3.794864655,9.075642586,0.51009798,6620,,,,,78072252,3008619,120113,
27/09/16,1638.697388,2487.254395,80.70669556,123,53,12.92518902,77.62657928,12.93963242,77.63748932,2.474035025,13.10494614,0.50695169,5862,,,,,78757249,3082639,,
28/09/16,1663.912842,3175.604736,91.72866821,122,59,12.92510319,77.62692261,12.96968269,77.64167023,3.206564665,7.605918884,0.504876256,6890,,,,,74292415,2668080,347002,
29/09/16,1677.092163,3127.990479,84.40431976,131,65,12.92502022,77.61448669,12.94010067,77.63697052,3.614490986,8.140000343,0.614003241,6435,,,,,77849496,2860384,354254,
30/09/16,1894.367432,8687.726563,96.53557587,128,75,12.92498112,77.62698364,12.93956566,77.63758087,2.848124743,11.03762722,0.50999999,13411,,,,,74297195,7766987,,
01/10/16,1600.777344,1498.432739,83.66067505,141,62,12.93044662,77.60591888,12.97037315,77.63064575,1.245312929,9.060354233,0.537587166,3741,,,,,78588665,2376107,,
02/10/16,1603.276611,2056.223877,89.65848541,129,61,12.93727589,77.6244812,12.94071007,77.63011169,1.464572072,5.597463608,0.519999981,5045,,,,,78066819,1850975,236473,
03/10/16,1747.398926,4952.174316,89.8986969,140,63,12.92497253,77.6266861,12.94010067,77.63638306,0.986543536,3.200890541,0.75106591,9161,,,,,76566794,3796899,568896,
04/10/16,1631.620605,2703.29126,81.60523224,124,51,12.92499638,77.62663269,12.93932629,77.63683319,1.097790956,9.829607964,0.620000005,6661,,,,,76712686,2347388,264296,
05/10/16,1709.266968,3949.426758,87.40616608,124,65,12.92493439,77.6270752,12.93955803,77.63757324,5.190228462,16.3085289,1.221883774,7536,,,,,79464682,3702910,302526,
06/10/16,1717.224609,4310.399414,88.25894928,152,65,12.92491722,77.62677002,12.94016457,77.63663483,2.112329483,9.212349892,0.530094266,6758,,,,,76457798,3108137,346786,
07/10/16,1769.423706,4462.768555,77.81721497,105,61,12.9250145,72.8274231,19.10273933,77.70914459,1.515283942,9.103713989,0.559464037,10061,,,,,66708904,4089302,512569,
08/10/16,1599.005981,828.4019775,89.61118317,126,57,18.96733475,72.80793762,19.07176018,72.83400726,5.290611267,12.19033146,0.600083351,6177,,,,,66637508,2343098,,
09/10/16,1631.856689,1957.441284,101,130,72,18.92745209,72.80735779,19.07052422,72.83380127,4.363932133,30.45111084,0.5,8360,,,,,67916815,2721634,96122,
10/10/16,1576.866699,1070.059082,81.4957428,132,55,12.93817139,72.82311249,19.10318375,77.62953186,5.107992172,23.38999939,0.730616212,5513,,,,,60115537,1930602,,
11/10/16,1618.660278,2873.44043,89.47218323,112,69,12.9251852,77.62635803,12.94010067,77.63629913,1.613664389,1.940000057,0.553624392,6469,,,,,74721310,2390608,118484,
12/10/16,1647.640747,2761.644043,77.71926117,110,59,12.92516136,77.62716675,12.94011784,77.63651276,3.453117847,9.215909958,0.5,6238,,,,,78493115,2842139,167986,
13/10/16,1703.49707,3592.387939,82.77284241,109,63,12.92496204,72.82671356,19.10276413,77.7172699,4.481211662,22.14011002,0.5,7981,,,,,63816744,3682733,,
14/10/16,1668.528931,1859.860474,78.18850708,143,64,18.98980713,72.81204987,19.07047272,72.842659,5.863129139,24.3421154,0.56008929,8126,,,,,62575606,3622185,,
15/10/16,1528.025024,208.5729065,82.80977631,153,65,19.05529785,72.82830048,19.06906319,72.8334198,,,,4444,,,,,75558640,1020568,,
16/10/16,1735.762207,8241.786133,80.49570465,97,69,12.93833733,72.80765533,19.09871101,77.71002197,,,,6598,,,,1268241,65475264,2480963,162700,
17/10/16,1664.657349,3759.231689,83.90689087,149,61,12.9245739,77.62671661,12.94035625,77.63742065,,,,7308,,,,,75262583,3169588,103200,
18/10/16,1723.916992,5088.118164,82.8574295,117,64,12.92499065,77.62654114,12.93974686,77.63687897,,,,8898,,,,,72744144,4610354,,
19/10/16,1782.253662,10368.37012,78.10279083,100,69,12.92038345,77.62613678,12.93983555,77.68377686,,,,8834,,,,679221,74148679,3955437,,
20/10/16,1637.199219,3858.209717,80.91532135,148,61,12.92498016,77.62663269,12.9394989,77.63674164,,,,5781,,,,,79640279,2788043,,
21/10/16,1736.637573,4729.530273,80.92350006,158,57,12.92471123,77.62728882,12.94010067,77.63673401,1.976246834,13.40271568,0.523450077,8796,,,,,73429388,4087552,205299,
22/10/16,1489.379639,161.1594696,101,131,71,12.93824673,77.62841797,12.94010067,77.62980652,2.21111536,4.108454704,0.56008929,1992,,,,,76891624,292654,,
23/10/16,1533.937378,2730.853271,97.92868805,148,64,12.93819237,77.62862396,12.98295307,77.64898682,2.613068342,16.85895729,0.50695169,1708,,,,446557,75925673,582886,,
24/10/16,1646.635864,3012.89209,96.76759338,102,70,12.92495537,77.62654114,12.93967247,77.63661194,3.307571888,11.93872738,0.511566222,6266,,,,,77475983,2763754,121715,
25/10/16,1772.445923,7301.746094,85.75788879,129,61,12.92507362,77.62701416,12.93965816,77.63775635,1.146126747,11.9720211,0.503289163,9953,,,,595112,74276459,4917013,,
26/10/16,1668.333984,4106.645996,74.51210785,96,62,12.92486191,77.62797546,12.93947124,77.63745117,2.912863016,8.590005875,0.620000005,6355,,,,528921,74495079,3069230,,
27/10/16,1674.192261,3855.156738,69.6969986,110,56,12.9251976,77.62680817,12.93968678,77.63638306,1.708039522,7.658733368,0.502195179,6764,,,,,77494456,2761501,304642,
28/10/16,1823.147339,7133.125488,77.33416748,120,64,12.92501926,72.8266449,19.10912323,77.7086792,5.29248476,16.16019821,0.560802996,11637,,,,837719,56121463,5551875,,
29/10/16,1531.268433,548.2219238,71.82173157,125,52,18.95282936,72.80596161,19.07180786,72.84133148,6.026381493,15.94007778,0.670074642,6634,,,,,72422151,1052625,,
30/10/16,1535.234619,366.5134888,80.78657532,97,68,18.92472076,72.80747223,19.1116066,72.83499146,3.843205929,19.8690567,0.50289166,6179,,,,,66021547,1129277,,
31/10/16,1563.633179,609.8665771,99.93538666,143,74,19.05593491,72.82763672,19.06899071,72.83431244,3.511491299,5.438694954,0.631268561,3378,,,,454821,79706359,1197670,,
01/11/16,1761.561523,6384.181152,72.35733032,79,61,19.06860161,72.82823944,19.06893539,72.8285141,,,,11940,,,,,76210160,5304166,,
02/11/16,1663.012451,7393.304688,81.8258667,110,64,18.91371346,72.80752563,19.06907654,72.83408356,6.122926235,27.8300457,0.622012854,5806,,,,1284682,69131962,1910272,,
03/11/16,1713.469971,4618.231445,69.81587219,104,62,19.06848717,72.82725525,19.0699749,72.82868958,,,,10033,,,,,75528447,4475817,,
04/11/16,1532.981689,398.0132141,,,,19.06861877,72.82821655,19.06893539,72.82852173,1.119883895,11.23417091,0.958801329,4910,,,,,79048832,1112927,,
05/11/16,1780.743408,7118.15918,,,,19.05473137,72.82232666,19.06988335,72.83223724,2.342267752,10.74341679,0.600000024,9030,,,,799487,74031031,4874333,,
06/11/16,1908.369385,8514.569336,,,,12.9311018,72.82361603,19.10176849,77.71220398,6.00082016,19.9023056,0.5,10716,,,,1088329,66911225,5428431,64671,
07/11/16,1660.367554,3971.880127,,,,12.92343616,77.62667084,12.93959236,77.64312744,1.462178707,12.58175278,0.524022877,6722,,,,,76990170,3360163,,
08/11/16,1671.48584,4838.900879,,,,12.92480469,77.62654114,12.93950462,77.63647461,1.469133139,11.12000465,0.500099957,6397,,,,438050,74874299,3225128,,
09/11/16,1662.874023,3473.033447,,,,12.92500114,77.62706757,12.93951797,77.63683319,1.165904164,9.710741043,0.510783732,6211,,,,,80653884,2915662,253973,
10/11/16,1639.665283,3597.733643,,,,12.92484283,77.62680817,12.9401598,77.63656616,1.799174666,9.710083008,0.503587127,6632,,,,,75466853,3046646,,
11/11/16,1640.724609,3049.134033,,,,12.92440319,77.62635803,12.94007587,77.63661194,3.303845406,12.83945942,0.644980609,5618,,,,,76470301,3100939,,
12/11/16,1538.926025,840.9093018,,,,12.93749905,77.62757111,12.94008064,77.63030243,4.393387318,9.269702911,0.50289166,2690,,,,,80525183,1221618,,
13/11/16,1610.23999,2771.102539,,,,12.92525291,77.62644958,12.93966293,77.63647461,1.720173478,9.110005379,0.530094266,5251,,,,,76979009,2429656,,
14/11/16,1702.686035,4345.481934,,,,12.92498589,77.62606049,12.9401598,77.63661194,1.90518868,10.87909031,0.681835771,8029,,,,,76305790,3919488,114053,
15/11/16,1669.325317,3930.071289,,,,12.92477131,77.62635803,12.93956566,77.63669586,4.489303589,9.87506485,0.512445092,6931,,,,,74137413,3271110,117718,
16/11/16,1638.52124,3524.573242,,,,12.92491245,77.62635803,12.94016838,77.63683319,2.537565231,8.540374756,0.51009798,7320,,,,,76769349,3038782,,
17/11/16,1691.812256,5540.188477,,,,12.92495537,77.62702942,12.94021034,77.63729858,2.722670317,9.981126785,1.028834343,7371,,,,508270,75330791,3525973,,
18/11/16,1765.748779,8928.193359,,,,12.92087841,72.82659149,19.1011982,77.71862793,6.359490395,20.62001038,0.500899196,10392,,,,840652,60806013,3785466,,
19/11/16,1523.010864,417.1504517,,,,19.06851578,72.82807922,19.06917953,72.82893372,7.156748295,20.03408432,0.528015137,5094,,,,,82253307,920635,,
20/11/16,1761.952148,4612.223145,,,,12.92806053,72.82356262,19.10313797,77.71183014,3.908216238,20.24000168,0.501597464,10470,,,,,59446492,5093638,66041,
21/11/16,1705.919556,3941.59668,,,,12.92499733,77.62635803,12.94021034,77.63768768,2.519258499,8.620022774,0.554436684,7549,,,,,79422836,3315566,404531,
22/11/16,1682.649048,3968.66626,,,,12.92501736,77.62631226,12.9402523,77.63771057,2.267592907,8.760005951,0.505964398,7868,,,,,74033130,3877318,,
23/11/16,1641.028076,3034.9375,,,,12.92505646,77.62661743,12.97544098,77.64163208,3.050521612,13.88017654,0.500100017,6214,,,,,72596557,2644078,188939,
24/11/16,1753.987671,5271.414063,69,69,69,12.92504787,77.62457275,12.94086552,77.63633728,1.817317367,9.220005035,0.541479468,10530,,,,,74150469,4207640,409968,
25/11/16,1579.56958,1301.825562,,,,12.92086411,72.82837677,19.10029984,77.7086792,4.744534969,16.23001099,0.50999999,6245,,,,,67178515,1975410,,
26/11/16,1648.489502,7043.858887,,,,18.91501427,72.80349731,19.06900024,72.83162689,5.040616989,24.31001854,0.608276248,6730,,,,1596028,66453720,1320544,,
27/11/16,1782.811157,8042.426758,,,,12.92508507,72.82208252,19.10282326,77.71002197,3.094682932,20.76000977,0.512445092,8550,,,,1108984,67604034,4134955,,
28/11/16,1653.184326,3243.732178,,,,12.9249506,77.62627411,12.94007206,77.63647461,1.515393138,10.36803246,0.819084823,7501,,,,,74637817,3037166,92650,
29/11/16,1670.023682,3825.046387,,,,12.92502213,77.62627411,12.94011784,77.63629913,1.502494812,4.011396408,0.506359518,6564,,,,,77839990,3089189,224766,
30/11/16,1665.615356,3648.737305,,,,12.92542267,77.62644958,12.94007206,77.63646698,2.212752342,13.5174551,0.532353222,6920,,,,,77876368,2968815,244499,
01/12/16,1663.150146,4106.990723,,,,12.92493629,77.62702942,12.93947792,77.63656616,1.117491007,6.60046196,0.502195179,7582,,,,,77519451,3500872,,
02/12/16,1550.479492,3164.491211,,,,12.92485237,77.61539459,12.93946362,77.70210266,3.121553898,7.204033852,0.883911788,3313,,,,714476,74149397,557156,,
03/12/16,1846.139404,8110.116699,,,,12.9371767,72.82344055,19.10307121,77.7101059,5.206955433,20.50408936,0.594053864,10914,,,,605583,63290586,4165379,836141,
04/12/16,1540.943237,623.4300537,,,,19.06855202,72.82834625,19.06902504,72.8285141,,,,2718,,,,,79520642,1251863,,
05/12/16,1869.529297,9810.702148,,,,19.04694557,72.82485962,19.08746719,72.88990021,3.916240215,18.92000008,0.641404748,11400,,,,1787584,68408405,5171230,125091,
06/12/16,1663.249756,5552.380371,,,,19.05060387,72.82261658,19.10123634,72.87657166,7.42984724,23.54001999,0.881419301,6392,,,,610372,73786303,2070677,150043,
07/12/16,1892.858032,6291.630371,,,,19.09580421,72.87169647,22.64265442,88.44004822,6.228062153,11.85027027,0.526307881,7571,,,,4126362,66478582,3241148,60884,
08/12/16,1829.4646,5206.66748,,,,22.5223217,88.32608795,22.54931259,88.36491394,1.69443965,7.370027065,0.514781475,14155,,,,876611,61192850,4352785,589937,
09/12/16,1825.984131,2912.62793,,,,22.52224159,88.32610321,22.55480576,88.35440063,5.871188164,14.79602623,0.623698652,14795,,,,1207575,57441617,4936495,148466,
10/12/16,1885.694458,8022.009277,,,,22.52217484,88.32611084,22.58244705,88.35482788,3.339964151,15.03120041,0.502493799,17015,,,,1365950,45302188,5952783,,
11/12/16,1928.339478,15162.65137,,,,22.49354172,88.32609558,22.54055023,88.35482025,3.501046896,14.91008377,0.516236365,12352,,,,3611966,58703733,4089204,84221,
12/12/16,1809.006348,5798.570801,,,,22.49993515,88.32601929,22.58057022,88.39917755,1.693847537,12.14069653,0.640312433,14734,,,,1283070,58146684,4628115,93257,
13/12/16,1799.475342,7823.424805,,,,22.52129936,88.32595062,22.55487442,88.35716248,5.697182655,17.80127335,0.660681486,12296,,,,1388826,66145676,4100426,109640,
14/12/16,1787.14563,8886.670898,,,,22.51454735,88.32579803,22.55581093,88.39362335,3.246967316,18.26009941,0.527731001,11132,,,,1763154,65416981,3929127,,
15/12/16,2017.440552,16098.49316,,,,22.52002525,88.32610321,22.57436943,88.35614777,4.635160923,13.20236683,0.503587127,8740,,,,6239705,65966005,3205103,105758,
16/12/16,1778.533936,12328.49414,,,,19.02622604,72.82225037,22.64468575,88.44126129,4.725038052,19.93401527,0.509607673,8918,,,,2651060,55816647,2566982,107725,
17/12/16,1513.873291,195.105011,,,,19.0266571,72.82310486,19.06915092,72.86177063,5.677330971,13.63146687,1.637833953,3641,,,,,76997714,756898,,
18/12/16,1299.367432,637.1905518,,,,19.04245949,72.82083893,19.06895065,72.86431122,2.619106293,10.46004295,0.5,5928,,,,,59881863,1675466,,
06/01/17,842.0568848,,,,,,,,,,,,,,,,,,,,
07/01/17,1473.25,,,,,,,,,,,,,,,,,,,,
08/01/17,1473.25,,,,,,,,,,,,,,,,,,,,
09/01/17,1473.25,,,,,,,,,,,,,,,,,,,,
10/01/17,1473.25,,,,,,,,,,,,,,,,,,,,
11/01/17,1473.25,,,,,,,,,,,,,,,,,,,,
12/01/17,1473.25,,,,,,,,,,,,,,,,,,,,
13/01/17,1728.219849,4729.375977,,,,43.46879196,-80.5454483,43.47801208,-80.52539825,,,,11761,,,,,34159634,4037623,304424,
14/01/17,1555.923462,1144.09729,,,,43.53916931,-79.61489868,43.53924561,-79.6146698,,,,4659,,,,,75312887,1540382,,
15/01/17,1555.756592,1100.88208,,,,43.4764328,-80.5398941,43.53924561,-79.61467743,,,,4442,,,,,72940210,1537273,,
16/01/17,1657.169312,3514.227539,,,,43.47016525,-80.54866028,43.47801208,-80.53772736,,,,7032,,,,,82150267,3424873,,
17/01/17,1608.400391,2795.785156,,,,43.4699707,-80.54431915,43.47801208,-80.53733063,,,,4649,,,,,70214364,2454351,,
18/01/17,1597.399536,2414.797119,,,,43.46982956,-80.54623413,43.47714233,-80.53824615,2.720729589,7.020113945,0.667308033,3916,,,,,79084844,2293085,,
19/01/17,1723.390259,5153.284668,,,,43.46944427,-80.54857635,43.47788239,-80.53746033,1.178688169,4.10231638,0.532259345,8863,,,,,76233676,4111035,231056,
20/01/17,1796.312012,5564.315918,,,,43.46722412,-80.56813812,43.47788239,-80.5375061,1.224031687,14.84097385,0.506359518,10736,,,,,74078687,5692557,117928,
21/01/17,1496.518188,52.98894882,,,,43.47545242,-80.5398941,43.47788239,-80.5375061,1.073346853,1.615239978,0.531507254,527,,,,342769,83532583,66995,,
22/01/17,1664.189209,3325.577881,,,,43.47457123,-80.5398941,43.47788239,-80.5375061,1.451782823,13.85339355,0.564003527,5191,,,,94680,81210319,2025342,611961,
23/01/17,1753.764282,6108.631348,,,,43.47014999,-80.54536438,43.47754288,-80.5369873,1.386904359,8.207367897,0.552268028,10190,,,,,75290934,4988213,79201,
24/01/17,1610.771729,2437.506592,,,,43.46998978,-80.5453186,43.47788239,-80.5375061,1.413282871,6.568683624,0.529999971,3893,,,,,81282863,1304467,540968,
25/01/17,1596.923828,2076.803223,,,,43.47021866,-80.54350281,43.47788239,-80.5375061,1.481419444,3.55316782,0.519999981,4368,,,,,80242059,1122884,512127,
26/01/17,1933.074463,7469.936035,,,,43.46996307,-80.54441071,43.47803497,-80.53668213,2.426417828,8.38005352,0.503289163,11445,,,,,75859471,3897299,2017284,
27/01/17,2052.275146,9142.919922,,,,43.4686203,-80.54323578,43.47788239,-80.53564453,1.532432795,5.645121574,0.520096123,13473,,,,,74781350,4068128,2820395,
28/01/17,1736.795288,4348.521973,,,,43.46723938,-80.56827545,43.47788239,-80.53746033,2.829467773,16.98029327,0.50289166,9307,,,,,78615578,3035864,773617,
29/01/17,1497.391235,240.1019135,,,,43.47473526,-80.53981018,43.47788239,-80.5375061,1.187562943,8.855789185,0.900055528,3859,,,,,83299465,449803,,
30/01/17,1564.16626,2200.968994,,,,43.46895218,-80.54328156,43.47654343,-80.53826141,1.70189631,2.590077162,0.647611022,5181,,,,,82408720,1506985,63624,
31/01/17,1682.557983,4490.29834,,,,43.46994019,-80.54528046,43.47788239,-80.53694153,2.025636435,4.598825932,0.557314992,6807,,,,,79833545,3646279,80949,
01/02/17,1792.424438,6225.495605,,,,43.46934128,-80.54536438,43.47683716,-80.53782654,1.131153941,7.052049637,0.509901941,10802,,,,,78043954,4839711,390602,
02/02/17,1642.146606,2954.15918,,,,43.47158051,-80.54528046,43.4768219,-80.53714752,1.418159127,11.83853054,0.5,5860,,,,,80865949,2462298,238812,
03/02/17,1900.370117,5561.259277,,,,43.46949387,-80.54536438,43.47743225,-80.53824615,1.127737761,4.310568333,0.63031739,10825,,,,,77116716,3009227,2145459,
04/02/17,1573.20459,1917.572144,84.69610596,110,61,43.47179413,-80.5396347,43.47721481,-80.537117,1.361444354,2.035313129,0.544885337,3256,,,,,83945286,1836799,,
05/02/17,1612.158447,2249.224854,,,,43.46926117,-80.53983307,43.47684479,-80.5129776,4.496635437,11.68003845,0.721110284,5784,,,,,80576503,1661761,343791,
06/02/17,1703.970703,4029.704102,,,,43.47023773,-80.54228973,43.47653198,-80.53816986,2.644365072,10.98999977,0.503587127,7915,,,,,79071052,1897097,1032858,
07/02/17,1653.954712,3038.266113,,,,43.46987915,-80.54534149,43.47727203,-80.5376358,1.466087937,2.637347221,0.546259999,7986,,,,,76775116,3324523,,
08/02/17,1998.65564,8012.106934,,,,43.47022247,-80.54528046,43.47723389,-80.53824615,1.632120132,2.494794607,0.577234805,15690,,,,,71704200,4218677,2428098,
09/02/17,1607.521729,2703.313965,,,,43.46990204,-80.54415131,43.47689438,-80.53683472,0.781377017,3.340373993,0.510881543,5778,,,,,80383672,1666230,324394,
10/02/17,1893.988525,7354.109863,,,,43.46879578,-80.54336548,43.47653198,-80.53624725,1.379721284,2.521745443,0.660075784,11833,,,,,78303578,4267058,1510982,
11/02/17,1978.012695,7856.390137,65,65,65,43.4695282,-80.54310608,43.47694778,-80.53633881,1.68590188,2.640000105,0.500099957,12124,,,,,78754949,2856485,2760949,
12/02/17,1836.836182,5995.692383,,,,43.46938324,-80.54249573,43.47673798,-80.53616333,1.763583779,2.735032082,0.803616822,10528,,,,,78670849,3215011,1535135,
13/02/17,1631.081421,2528.168457,,,,43.46952057,-80.54302216,43.47698212,-80.53701019,1.414427042,2.620858669,0.552268028,4754,,,,,81603199,1187553,731976,
14/02/17,1619.902222,2139.156494,,,,43.47158051,-80.54423523,43.47702408,-80.53829193,1.240487099,2.535054207,0.714492798,4608,,,,,80506040,1236193,636664,
15/02/17,1876.832153,5465.333008,,,,43.46882248,-80.54232788,43.4771843,-80.537117,1.36537528,9.628509521,0.600333214,10704,,,,,75877571,1657483,2462735,
16/02/17,1966.770874,6663.6875,,,,43.46934509,-80.54623413,43.4767952,-80.53559875,1.869365931,5.617490768,0.674759209,10065,,,,,75754259,1934401,2862991,
17/02/17,1643.010864,2653.165283,,,,43.40555191,-80.5424118,43.64584732,-79.606987,4.002515316,31.65040398,0.544518173,8698,,,,,69004921,2562943,259572,
18/02/17,1608.043091,2031.073853,,,,43.53904724,-79.61682892,43.7759552,-79.33576965,8.536100388,32.76001358,0.530094266,5964,,,,,71922564,2509137,,
19/02/17,2004.613525,8761.052734,,,,37.6157074,-122.436058,37.80058289,-122.3883591,2.063541889,32.31015396,0.671788633,16428,,,,,69628303,9173191,308324,
20/02/17,1349.818604,4027.55127,,,,37.7624321,-122.4380951,37.77560425,-122.4289856,1.723742366,10.73719692,0.557135522,6251,,,,,63195532,3633561,,